,null_counts,null_percent,dtype,sample_value
Mona Unique Session ID,0,0.0,object,003b4c8a-fa26-4d7c-bb47-c27109b757e3.2019-07-26T11:31:28.453242+03:00
Mona Unique User ID,169,0.22,object,22975d7c-8975-4578-9286-9d8221d83a14
Created on,0,0.0,datetime64[ns],2019-10-07 08:21:19
Created by,0,0.0,object,Brooke Sauro
Pipeline,0,0.0,object,Mona
Date of Referral,0,0.0,datetime64[ns],2019-08-05 00:00:00
First Referral,0,0.0,object,Yes
In IRAP Process,0,0.0,object,No
Screening Stage,0,0.0,object,Screening Complete
Screener,1,0.0,object,Tiba Fatli
Date of Screening Start,0,0.0,datetime64[ns],2019-07-26 00:00:00
Program Eligibilities,8,0.01,object,Vulnerability-Based RST and Protection
Legal Assistance Identified,41,0.05,object,Vulnerability RST or Protection Referral (Unspecified)
ILI Assistance Provided ,728,0.95,object,Non-Legal Services Information
Mona Case Type Identification,43,0.06,object,Accurate
 Mona Follow up Needed,237,0.31,object,No
Vulnerability Threshold,77,0.1,float64,0.0
Screening Decision,5,0.01,object,Cannot Represent
Date of Screening Decision,0,0.0,datetime64[ns],2019-07-26 00:00:00
Flags,704,0.92,object,Unresponsive
Client Location (Country),162,0.21,object,Lebanon
Client Nationality,156,0.2,object,Syrian
process_days,0,0.0,float64,0.0
process_daysA,0,0.0,float64,1.0
process_daysC,0,0.0,float64,1.0
Name,173,0.22,object,Ù…Ø­Ù…Ø¯
Language,169,0.22,object,ara
Created On,169,0.22,datetime64[ns],2019-07-27 23:44:20
URN:Facebook,177,0.23,float64,1224418661015783.0
URN:Telegram,761,0.99,object,701459180
Field:Age,177,0.23,float64,35.0
Field:Gender,174,0.23,float64,1.0
Field:Nationality1,175,0.23,object,nationality_Syrian
Field:Nationality2,761,0.99,object,Ù„Ø§
Field:Current Country,183,0.24,object,curr_country_Lebanon
Field:Relative Abroad Name1,366,0.48,object,Name: Ù…Ø­Ù…Ø¯
Field:Relative Abroad Name2,505,0.66,object,Name: Ù…Ø­Ù…Ø¯
Field:Relative Abroad Name3,612,0.8,object,Name: Ø§Ø­Ù…Ø¯
Field:Relative Abroad Location1,366,0.48,object,Location: Germany
Field:Relative Abroad Location2,505,0.66,object,Location: Germany
Field:Relative Abroad Location3,612,0.8,object,Location: Germany
Field:Firstname,173,0.22,object,Ù…Ø­Ù…Ø¯
Field:Country Of Origin,769,1.0,object,
Field:Rsc,183,0.24,object,ICMC
Field:Unhcr Case File Family Name 1,353,0.46,object,Ø²ÙˆØ¬ØªÙŠ
Field:Unhcr Case File Family Name 2,407,0.53,object,Ù…Ø­Ù…Ø¯
Field:Rsc Case Status Portal,183,0.24,object,rsc.icmc.net/login
Field:Rsc Contact Email,183,0.24,object,info.rsc@icmc.net
Field:Unhcr Number,371,0.48,object,245-13C25631
Field:Phone Number,260,0.34,object,96371051116
Field:Unhcr Case Status Portal,695,0.9,object,results.unhcr.org.tr/
Field:Aggr 1 Threat Within Last 6 Months,656,0.85,object,Threat Severity: 5
Field:Aggr 1 Attack Within Last 6 Months,661,0.86,object,Attack Severity: 1
Field:Aggr 1 Mst Svr Threat,755,0.98,object,5
Field:Aggr 1 Mst Svr Attack,699,0.91,object,Severity of Most Serious Attack: 5
Field:Aggr 1 Mst Svr Only Threats,704,0.92,object,Severity of Most Serious Threat if Only Threats: 5
Field:Threat Within Last 6 Months,623,0.81,object,Threat Severity: 5
Field:Attack Within Last 6 Months,672,0.87,object,Attack Severity: 1
Field:Mst Svr Threat,760,0.99,object,5
Field:Mst Svr Attack,716,0.93,object,5
Field:Mst Svr Only Threats,682,0.89,object,5
Field:Aggr 2 Attack Within Last 6 Months,734,0.95,object,Attack Severity: 2
Field:Aggr 2 Threat Within Last 6 Months,733,0.95,object,Threat Severity: 5
Field:Aggr 2 Mst Svr Attack,745,0.97,object,Severity of Most Serious Attack: 5
Field:Aggr 2 Mst Svr Threat,767,1.0,object,2
Field:Aggr 2 Mst Svr Only Threats,749,0.97,object,3
Field:Aggr 3 Attack Within Last 6 Months,762,0.99,object,Attack Severity: 2
Field:Aggr 3 Threat Within Last 6 Months,760,0.99,object,5
Field:Aggr 3 Mst Svr Attack,765,0.99,object,3
Field:Aggr 3 Mst Svr Threat,768,1.0,object,Severity of Most Serious Threat: 5
Field:Aggr 3 Mst Svr Only Threats,764,0.99,object,5
Field:Unhcr Case File Family Age 1,353,0.46,object,25
Field:Unhcr Case File Family Relation 1,353,0.46,object,Ø²ÙˆØ¬ØªÙŠ
Field:Unhcr Case File Family Age 2,407,0.53,object,5
Field:Unhcr Case File Family Gender 2,407,0.53,object,Ø°ÙƒØ±
Field:Unhcr Case File Family Relation 2,407,0.53,object,Ø§Ø¨Ù†ÙŠ
Field:Unhcr Case File Family Name 3,474,0.62,object,Ù…Ø­Ù…Ø¯
Field:Unhcr Case File Family Age 3,474,0.62,object,3
Field:Unhcr Case File Family Gender 3,474,0.62,object,Ø°ÙƒØ±
Field:Unhcr Case File Family Relation 3,474,0.62,object,Ø§Ø¨Ù†ÙŠ
Field:Unhcr Case File Family Age 4,562,0.73,object,6
Field:Unhcr Case File Family Name 4,562,0.73,object,Ù…Ø­Ù…Ø¯
Field:Unhcr Case File Family Gender 4,562,0.73,object,Ø°ÙƒØ±
Field:Unhcr Case File Family Relation 4,562,0.73,object,Ø§Ø¨Ù†ÙŠ
Field:Unhcr Case File Family Name 5,662,0.86,object,Ù…Ø­Ù…Ø¯
Field:Unhcr Case File Family Age 5,662,0.86,object,2
Field:Unhcr Case File Family Gender 5,662,0.86,object,Ø£Ù†Ø«Ù‰
Field:Unhcr Case File Family Relation 5,662,0.86,object,Ø§Ø¨Ù†ØªÙŠ
Field:Fam Num,351,0.46,object,fourth
Field:Medical Condition 1 Afftd Fam Mbr,511,0.66,object,Ø£Ù†Ø§
Field:Medical Condition 1 Name,511,0.66,object,Ø§Ù„Ø³ÙƒØ±ÙŠ
Field:Medical Condition 1 Inc Treatment,511,0.66,object,Ù„Ø§
Field:Medical Condition 1 Treatment Abroad,511,0.66,object,Ù†Ø¹Ù…
Field:Medical Condition 1 Assessment,511,0.66,object,5
Field:I 130 Relative Name 1,762,0.99,object,Jennifer
Field:Marital Status,174,0.23,object,Married
Field:I 130 Relative Relation 1,763,0.99,object,sister
Field:I 130 Relative Legal Status 1,762,0.99,object,Ù…ÙˆØ§Ø·Ù†Ø© Ø£Ù…Ø±ÙŠÙƒÙŠØ©
Field:I 130 Relative Gender 1,762,0.99,object,Ø£Ù†Ø«Ù‰
Field:Siv Follow To Join Relative Name 1,768,1.0,object,Ø³Ø§Ù…Ø±
Field:Siv Follow To Join Relative Rltn 1,768,1.0,object,husband
Field:Siv Follow To Join Relative Gender 1,768,1.0,object,Ø°ÙƒØ±
Field:Dap Siv Relative Name 1,765,0.99,object,Misaa
Field:Dap Siv Relative Relation 1,765,0.99,object,brother
Field:Dap Siv Relative Legal Status 1,765,0.99,object,Ø­Ø§Ù…Ù„ Ø¨Ø·Ø§Ù‚Ø© Ø®Ø¶Ø±Ø§Ø¡
Field:Dap Siv Relative Gender 1,765,0.99,object,Ø°ÙƒØ±
Field:P 3 Relative Name 1,768,1.0,object,Ù…Ø­Ù…Ø¯Ø³Ù„Ù‡Ø¨
Field:P 3 Relative Relation 1,769,1.0,object,
Field:P 3 Relative Pathway 1,768,1.0,object,Ø§Ù„Ù„Ø¬ÙˆØ¡
Field:Medical Condition 2 Afftd Fam Mbr,610,0.79,object,Ø£Ù†Ø§
Field:Medical Condition 2 Name,610,0.79,object,Ø±Ø¨Ùˆ
Field:Medical Condition 2 Inc Treatment,610,0.79,object,Ù„Ø§
Field:Medical Condition 2 Treatment Abroad,610,0.79,object,Ù†Ø¹Ù…
Field:Medical Condition 2 Assessment,610,0.79,float64,5.0
Field:Medical Condition 3 Afftd Fam Mbr,703,0.91,object,Ø£Ù†Ø§
Field:Medical Condition 3 Name,703,0.91,object,Ø±Ø¨Ùˆ
Field:Medical Condition 3 Inc Treatment,703,0.91,object,Ù„Ø§
Field:Medical Condition 3 Treatment Abroad,703,0.91,object,Ù†Ø¹Ù…
Field:Medical Condition 3 Assessment,703,0.91,float64,4.0
Field:Traumatic Incident 1 Date,390,0.51,object,2012
Field:Traumatic Incident 1 Assessment,390,0.51,float64,5.0
Field:Traumatic Incident 1 Nrt Rsp,523,0.68,object,ØªØ®Ø·ÙŠ
Field:Traumatic Incident 1 Ong Mdl Needs,390,0.51,object,Ù„Ø§
Field:Traumatic Incident 2 Date,648,0.84,object,2012
Field:Traumatic Incident 2 Assessment,648,0.84,float64,5.0
Field:Traumatic Incident 2 Nrt Rsp,689,0.9,object,Ø­Ø§Ù„Ù‡ Ù†ÙØ³ÙŠÙ‡ Ø¨Ø³Ø¨Ø¨ Ù…ÙˆØª Ø§Ø­Ø¯ Ø§ÙØ±Ø§Ø¯ Ø¹Ø§Ø¦Ù„ØªÙŠ
Field:Unhcr Case File Family Name 6,723,0.94,object,Ù…Ø­Ù…Ø¯
Field:Unhcr Case File Family Age 6,723,0.94,object,11
Field:Unhcr Case File Family Gender 6,723,0.94,object,Ø£Ù†Ø«Ù‰
Field:Unhcr Case File Family Relation 6,723,0.94,object,Ø§Ø¨Ù†ÙŠ
Field:P 3 Relative Gender 1,768,1.0,object,Ø°ÙƒØ±
Field:Unhcr Case File Family Gender 1,353,0.46,object,Ø£Ù†Ø«Ù‰
Field:USRAP Case Number,761,0.99,object,947_12C10430
Field:western-right,484,0.63,float64,5.0
Field:western-left,484,0.63,float64,3.0
Field:Minor or Adult,174,0.23,object,Adult
Field:Unhcr Case File Family AdultMinor 1,353,0.46,object,Minor
Field:Unhcr Case File Family Adultminor 2,407,0.53,object,Adult
Field:Unhcr Case File Family Adultminor 3,474,0.62,object,Adult
Field:Unhcr Case File Family Adultminor 4,562,0.73,object,Adult
Field:Unhcr Case File Family Adultminor 5,662,0.86,object,Adult
Field:Unhcr Case File Family Adultminor 6,723,0.94,object,Adult
Field:USRAP Access,755,0.98,object,USRAP Access
Field:US Prior Admission,763,0.99,object,RTD/RRV
Field:Hired Lawyer,259,0.34,object,No
Field:SIV Follow to Join,768,1.0,object,SIV Follow to Join
Field:I 130 IR,768,1.0,object,I-130 IR
Field:I 130 F,765,0.99,object,I-130 F
Field:SIV,767,1.0,object,SIV
Field:DAP as Relative of SIV,769,1.0,object,
Field:P 3,768,1.0,object,P-3
Field:DAP via I 130,765,0.99,object,DAP via I-130
Field:DAP via EV,769,1.0,object,
Field:Canadian Private Sponsorship,678,0.88,object,Canadian Private Sponsorship
Field:Germany Family Reunification,556,0.72,object,Germany Family Reunification
Field:ICORN CPJ,748,0.97,object,ICORN CPJ
Field:SVT,284,0.37,object,YES
Field:Women and Girls at Risk,387,0.5,object,NO
Field:Lack of Durable Solutions,435,0.57,object,YES
Field:Unaccompanied Minor,284,0.37,object,NO
Field:LGBT,284,0.37,object,NO
Field:LPPN Score,416,0.54,float64,0.0
Field:Rating Last 6 Months,563,0.73,float64,5.0
Field:Rating Most Severe,563,0.73,float64,5.0
Field:SVT Rating Aggressor,560,0.73,object,Aggressor SVT Rating: 0
Field:Aggressor Score,562,0.73,float64,6.0
Field:Multiple Incidents,591,0.77,object,Yes
Field:Aggressor 1 Score,550,0.72,float64,6.0
Field:Aggressor 2 Score,490,0.64,float64,0.0
Field:Aggressor 3 Score,457,0.59,float64,0.0
Field:SVT Medical Condition,511,0.66,object,No
Field:Medical Condition Inc Treatment,511,0.66,object,No
Field:Medical Condition Treatment Abroad,511,0.66,object,Yes
Field:Medical Condition Assessment,511,0.66,float64,5.0
Field:Medical Condition Afftd Fam Member,511,0.66,object,Ø£Ù†Ø§
Field:Medical Condition Score,511,0.66,float64,5.0
Field:Medical Condition 1 Score,511,0.66,float64,5.0
Field:Medical Condition 2 Score,511,0.66,float64,0.0
Field:Medical Condition 3 Score,511,0.66,float64,0.0
Field:Medical Needs Score,284,0.37,float64,0.0
Field:ARcurrentcountry,183,0.24,object,Ù„Ø¨Ù†Ø§Ù†
Field:fullrsc,183,0.24,object,International Catholic Migration Commission (ICMC)
Field:arfullrsc,183,0.24,object,Ø§Ù„Ù„Ø¬Ù†Ø© Ø§Ù„ÙƒØ§Ø«ÙˆÙ„ÙŠÙƒÙŠØ© Ø§Ù„Ø¯ÙˆÙ„ÙŠØ© Ù„Ù„Ù‡Ø¬Ø±Ø© (ICMC Ø£Ùˆ Ø§Ù„Ø¢ÙŠ Ø³ÙŠ Ø£Ù… Ø³ÙŠ)
Field:arrsc,183,0.24,object,Ø§Ù„Ø¢ÙŠ Ø³ÙŠ Ø£Ù… Ø³ÙŠ
Field:arnationality1,175,0.23,object,Ø³ÙˆØ±ÙŠ
Field:SIV follow to join Relative Rltn 1ar,768,1.0,object,Ø²ÙˆØ¬Ùƒ
Field:I 130 Relative Relation 1 AR,763,0.99,object,Ø£Ø®ØªÙƒ
Field:DAP SIV Relative Relation 1 AR,765,0.99,object,Ø£Ø®
Field:P 3 Relative Relation 1 AR,769,1.0,object,
Field:AR Full Name,260,0.34,object,Ù„ÙŠÙ†Ø§ Ø¹Ù…Ø§Ø¯ Ø¨Ø¯ÙˆÙŠ
Field:arfamnum,351,0.46,object,Ø±Ø§Ø¨Ø¹
Field:Ongoing USRAP,183,0.24,object,No
Field:Previous US Resettlement,183,0.24,object,No
Field:Resettlement Relatives,188,0.24,object,Yes
Field:Worked for USG,765,0.99,object,Worked for USG
Field:Family Worked for USG,765,0.99,object,Family member worked for USG
Field:Writer or Artist,747,0.97,object,Writer/Artist
Field:Unhcr Case File Family Additional,746,0.97,object,3
Field:Legal Residency Issue Description,469,0.61,object,Ù†Ø¹Ù…
Field:Reasons Unsafe Open Ended,624,0.81,object,Ø¨Ø³Ø¨Ø¨ Ø§Ù„Ø£ÙˆØ¶Ø§Ø¹ Ø§Ù„Ù…Ø¹ÙŠØ´ÙŠØ© ÙˆØ§Ù„Ø§Ù…Ù†ÙŠØ©.
Field:Aggr Name,449,0.58,object,Name of Aggressor: Ù…Ø¬Ù‡ÙˆÙ„
Field:Aggr 1 Name,449,0.58,object,Name of Aggressor: Ù…Ø¬Ù‡ÙˆÙ„
Field:Aggr 2 Name,656,0.85,object,Name of Aggressor: Ù…Ø¬Ù‡ÙˆÙ„
Field:Aggr 3 Name,746,0.97,object,Name of Aggressor: Ù…Ø¬Ù‡ÙˆÙ„
Field:Date Most Recent Incident,560,0.73,object,15-6-2019.
Field:Aggr 1 Date Most Recent Incident,548,0.71,object,15-6-2019.
Field:Aggr 2 Date Most Recent Incident,698,0.91,object,01-07-219.
Field:Aggr 3 Date Most Recent Incident,753,0.98,object,15-04-2019.
Field:Open Ended Incident within 6 Months,560,0.73,object,Description of Threat: ØªØ®Ø·ÙŠ Ø§Ù„Ø±Ø¯
Field:Threat Open Ended,623,0.81,object,Description of Threat: ØªØ®Ø·ÙŠ Ø§Ù„Ø±Ø¯
Field:Attack Open Ended,594,0.77,object,Description of Attack: ØªØ®Ø·ÙŠ Ø§Ù„Ø±Ø¯
Field:Open Ended Mst Svr,636,0.83,object,Description of Threat: ØªØ®Ø·ÙŠ Ø§Ù„Ø±Ø¯
Field:Incident Frequency,581,0.76,object,Frequency: Ø¨Ø¶Ø¹ Ù…Ø±Ø§Øª ÙÙŠ Ø§Ù„Ø³Ù†Ø©
Field:Aggr 1 Open Ended Within 6 Months,548,0.71,object,Description of Threat: ØªØ®Ø·ÙŠ Ø§Ù„Ø±Ø¯
Field:Aggr 2 Open Ended Within 6 Months,697,0.91,object,ØªØ®Ø·ÙŠ Ø§Ù„Ø±Ø¯.
Field:Aggr 3 Open Ended Within 6 Months,753,0.98,object,Description of Threat: ØªØ®Ø·ÙŠ Ø§Ù„Ø±Ø¯
Field:Aggr 1 Open Ended Mst Svr,620,0.81,object,Description of Threat: ØªØ®Ø·ÙŠ Ø§Ù„Ø±Ø¯
Field:Aggr 2 Open Ended Mst Svr,723,0.94,object,ØªØ®Ø·ÙŠ Ø§Ù„Ø±Ø¯.
Field:Aggr 3 Open Ended Mst Svr,759,0.99,object,Description of Attack: ØªØ®Ø·ÙŠ Ø§Ù„Ø±Ø¯
Field:Aggr 1 Incident Frequency,584,0.76,object,Frequency: Ø¨Ø¶Ø¹ Ù…Ø±Ø§Øª ÙÙŠ Ø§Ù„Ø³Ù†Ø©
Field:Aggr 3 Incident Frequency,754,0.98,object,Frequency: ÙƒÙ„ Ø£Ø³Ø¨ÙˆØ¹
Field:Aggr 2 Incident Frequency,708,0.92,object,Frequency: Ø¨Ø¶Ø¹ Ù…Ø±Ø§Øª ÙÙŠ Ø§Ù„Ø³Ù†Ø©
Field:Move to Avoid Aggressor,560,0.73,object,Moved to Avoid This Aggressor: Unable
Field:Aggr 1 SVT Rating,548,0.71,object,Aggressor SVT Rating: 0
Field:Aggr 2 SVT Rating,698,0.91,object,Aggressor SVT Rating: 0
Field:Aggr 3 SVT Rating,753,0.98,object,Aggressor SVT Rating: 2
Field:Threats Since Moving,686,0.89,object,Received Threats Since Moving: Yes
Field:Illness,284,0.37,object,Yes
Field:Medical Condition 1 SVT,511,0.66,object,Ù„Ø§
Field:Medical Condition 2 SVT,610,0.79,object,Ù„Ø§
Field:Medical Condition 3 SVT,703,0.91,object,Ù„Ø§
Field:Women and Girls Severity Assessment,760,0.99,object,5
Field:Women and Girls Open Ended,763,0.99,object,Ø§Ù†Ø§ Ø§Ø±Ù…Ù„Ø© ÙˆÙ„Ø¯ÙŠ Ø·ÙÙ„ ÙˆØ¨Ù†Øª
Field:Years in Current Country,284,0.37,float64,6.0
Field:Current Country Open Ended,470,0.61,object,Ø­Ø³Ù†Ø§
Field:Relative Abroad Name,366,0.48,object,Name: Ù…Ø­Ù…Ø¯
Field:Relative Abroad Location,366,0.48,object,Location: Germany
Field:Relative Abroad Name4,693,0.9,object,Name: Ù…Ø­Ù…Ø¯
Field:Relative Abroad Location4,693,0.9,object,Location: Germany
Field:Relative Abroad Name5,718,0.93,object,Name: Ø±Ø¶ÙˆØ§Ù†
Field:Relative Abroad Location5,718,0.93,object,Location: Germany
Field:Relative Abroad Open Ended,734,0.95,object,Ø­Ø³Ù†Ø§
Field:US Relative Relationship,401,0.52,object,Relationship: Ø§Ø¨Ù† Ø¹Ù…ÙŠ
Field:US Relative Legal Status,763,0.99,object,Legal status: LPR
Field:US Relative How Status,763,0.99,object,Mode of entry: Other
Field:US Relative Dateaction,763,0.99,object,Date of entry: 1-1-2000
Field:US Relative Age,763,0.99,object,Age: Over 21
Field:US Relative Relationship1,400,0.52,object,Relationship: Ø§Ø®ÙŠ
Field:US Relative Age1,762,0.99,object,Age: Over 21
Field:US Relative Legal Status1,760,0.99,object,Legal status: USC
Field:US Relative How Status1,760,0.99,object,Mode of entry: Refugee resettlement
Field:US Relative Dateaction1,760,0.99,object,Date of entry: 10-6-1995
Field:US Relative Relationship2,525,0.68,object,Relationship: Ø§Ø¨Ù† Ø¹Ù…ÙŠ
Field:US Relative Age2,763,0.99,object,Age: Over 21
Field:US Relative Legal Status2,763,0.99,object,Legal status: LPR
Field:US Relative How Status2,763,0.99,object,Mode of entry: Refugee resettlement
Field:US Relative Dateaction2,763,0.99,object,Date of entry: 1-10-2017
Field:US Relative Relationship3,629,0.82,object,Relationship: Ø§Ø¨Ù† Ø¹Ù…ÙŠ
Field:US Relative Age3,767,1.0,object,Age: Over 21
Field:US Relative Legal Status3,767,1.0,object,Legal status: LPR
Field:US Relative How Status3,767,1.0,object,Mode of entry: Refugee resettlement
Field:US Relative Dateaction3,767,1.0,object,Date of entry: 27-7-2010
Field:US Relative Relationship4,702,0.91,object,Relationship: Ø§Ø¨Ù† Ø¹Ù…ÙŠ
Field:US Relative Age4,767,1.0,object,Age: Over 21
Field:US Relative Legal Status4,767,1.0,object,Legal status: LPR
Field:US Relative How Status4,767,1.0,object,Mode of entry: Refugee resettlement
Field:US Relative Dateaction4,767,1.0,object,Date of entry: 18-4-2017
Field:US Relative Relationship5,722,0.94,object,Relationship: Ø§Ø®ØªÙŠ
Field:US Relative Age5,768,1.0,object,Age: Over 21
Field:US Relative Legal Status5,768,1.0,object,Legal status: Other
Field:US Relative How Status5,768,1.0,object,Mode of entry: Other
Field:US Relative Dateaction5,768,1.0,object,Date of entry: 1-1-2000
Field:Traumatic Incident 2 Ong Mdl Needs,614,0.8,object,Ù„Ø§
Field:EN Full Name,260,0.34,object,[Not provided]
Field:Email Address1,262,0.34,object,Waelbadwi319@gmail.com
Field:RFR,763,0.99,object,RFR
Field:Date of entry into the United States,763,0.99,object,Date of entry: Ø´Ù‡Ø± 2013-4
Field:Mode of Entry,763,0.99,object,Mode of entry: Other
Field:Date of Departure from United States,763,0.99,object,Date of departure: Ø§Ù†Ø§ Ø¨ Ù„Ø¨Ù†Ø§Ù†
Field:Period Spent Outside United States,763,0.99,object,Period Spent Outside the United States: 8 Ø³Ù†ÙŠÙ†
Field:Reason Remained Abroad,763,0.99,object,Ø§Ø±ÙŠØ¯ Ø§Ù„Ø¹ÙˆØ¯Ø© Ø¥Ù„Ù‰ Ø£Ù…Ø±ÙŠÙƒØ§ Ø£Ùˆ Ø§Ù„Ø³ÙØ± Ø§Ù„Ù‰ Ø¯ÙˆÙ„Ø© Ø£Ø®Ø±Ù‰ Ø¨Ø³Ø¨Ø¨ Ø§Ù„ÙˆØ¶Ø¹ Ø§Ù„Ø£Ù…Ù†ÙŠ ÙÙŠ Ø§Ù„Ø´Ø±Ù‚ Ø§Ù„Ø£ÙˆØ³Ø· ÙˆÙ…Ø§ ØªØ¹Ø±Ø¶Ù†Ø§ Ù„Ù‡ Ø§Ù†Ø§ Ùˆ Ø²ÙˆØ¬ÙŠ Ù…Ù† ØªÙ‡Ø¬ÙŠØ± ÙˆØ®Ø·Ù ÙˆØªÙ‡Ø¯ÙŠØ¯ Ø¨Ø§Ù„Ù…ÙˆØª Ù„Ø£Ù†Ù†Ø§ Ù…Ø³ÙŠØ­ÙŠÙŠÙ†
Field:Attempts to Return,763,0.99,object,Ø§Ù†Ø§ Ù…Ù† Ù¢Ù Ù¡Ù¡ ÙÙŠ Ù„Ø¨Ù†Ø§Ù† Ù„Ù… Ø§Ø®Ø±Ø¬ Ù…Ù† Ù„Ø¨Ù†Ø§Ù†
Field:Supportive US Ties,763,0.99,object,Ø§ÙŠ Ø®Ø§Ù„ÙŠ Ø±ÙŠØ§Ø¶ ÙˆØ±Ø¶ÙˆØ§Ù†
Field:RFR within deadline,769,1.0,object,
Field:Denial Grounds,763,0.99,object,Credibility
Field:Date of NOI,766,1.0,object,2019-09-28T12:48:00.086002+03:00
Field:Mexico Passport Type,769,1.0,object,
Field:I-130 Filed,769,1.0,object,
Field:EO Waiver,768,1.0,object,EO Waiver
Field:I-130 Approved,769,1.0,object,
Field:I-130 Expedite Submitted,769,1.0,object,
Field:SIV 101a,769,1.0,object,
Field:Testing Only,769,1.0,object,
Field:Has UNHCR file,331,0.43,object,Ù†Ø¹Ù…
Field:Open Ended Additional SVT Info,746,0.97,object,2014 ÙÙŠ Ø·Ø±ÙŠÙ‚ÙŠ Ø§Ù„Ù‰ Ø§Ù„Ø¬Ø§Ù…Ø¹Ø© ÙÙŠ Ø¯Ù…Ø´Ù‚ ØªÙ… ØªÙˆÙ‚ÙŠÙÙŠ ÙˆØ¶Ø±Ø¨ÙŠ Ø¹Ù„Ù‰ Ø§Ø­Ø¯Ù‰ Ø§Ù„Ù†Ù‚Ø§Ø· Ø§Ù„ØªÙØªÙŠØ´ÙŠØ© ÙÙŠ Ù…Ø¯ÙŠÙ†Ø© Ø¯Ù…Ø´Ù‚
Field:Unique Session ID,169,0.22,object,22975d7c8975457892869d8221d83a1420200114T1242429518870200
Field:USRAP Info Response,749,0.97,object,Ù†Ø¹Ù…
Field:USRAP Info Rating,749,0.97,object,5
Field:I130 Info Rating,769,1.0,float64,
Field:I130 Info Response,769,1.0,object,
Field:P3 Info Rating,768,1.0,float64,5.0
Field:P3 Info Response,768,1.0,object,Ù‡Ù„ ØªØ³ØªØ·ÙŠØ¹ ØªÙ‚Ø¯ÙŠÙ… Ù…Ù„ÙÙŠ Ù„Ù„Ù‡Ø¬Ø±Ø©
Field:DAPI130 Info Rating,769,1.0,float64,
Field:DAPI130 Info Response,769,1.0,object,
Field:DAPEV Info Rating,767,1.0,float64,1.0
Field:DAPEV Info Response,767,1.0,object,Ø§Ù„Ù…Ø¹Ù„ÙˆÙ…Ø§Øª Ø­ØµØ±ÙŠØ§ ÙÙ‚Ø·
Field:Canadian Sponsorship Info Rating,660,0.86,object,5
Field:Canadian Sponsorship Info Response,660,0.86,object,Ù†Ø¹Ù…
Field:German Reunification Info Rating,533,0.69,object,5
Field:German Reunification Info Response,534,0.69,object,Ù†Ø¹Ù…
Field:ICORN Info Rating,746,0.97,object,5
Field:ICORN Info Response,746,0.97,object,ðŸ‘
Field:Lebanon UNHCR Info Rating,302,0.39,object,5
Field:Lebanon UNHCR Info Response,303,0.39,object,Ù†Ø¹Ù…
Field:End Feedback Helpfulness Rating,178,0.23,object,5
Field:End Feedback Recommend Rating,200,0.26,object,10
Field:End Feedback Helpfulness Open Ended,199,0.26,object,Ù„Ø§
Field:End Feedback Recommend Open Ended,206,0.27,object,10
Field:End Feedback Other Information Needs,212,0.28,object,Ù„Ø§
Field:End Feedback Follow Up Conversation,237,0.31,object,Yes
Field:Conversion,371,0.48,object,0096371051116
Field:SIV 1059,769,1.0,object,
Field:Reason Unable to Move,736,0.96,object,Reason Unable to Move: Lack of communication and money
Field:Aggr 1 Moved to Avoid Aggr,645,0.84,object,Moved to Avoid This Aggressor: Unable
Field:Aggr 1 Threats Since Moving,720,0.94,object,Received Threats Since Moving: Yes
Field:Aggr 1 Reason Unable to Move,733,0.95,object,Reason Unable to Move: Lack of communication and money
Field:Aggr 2 Moved to Avoid Aggr,727,0.95,object,Moved to Avoid This Aggressor: Unable
Field:Aggr 3 Moved to Avoid Aggr,758,0.99,object,Moved to Avoid This Aggressor: Yes
Field:Aggr 2 Threats Since Moving,752,0.98,object,Received Threats Since Moving: Yes
Field:Aggr 3 Threats Since Moving,761,0.99,object,Received Threats Since Moving: Yes
Field:Aggr 2 Reason Unable to Move,763,0.99,object,"Reason Unable to Move: Ø¨Ø³Ø¨Ø¨ Ù…Ø¯Ø§Ø±Ø³ Ø§Ù„Ø§ÙˆÙ„Ø§Ø¯
Ø§Ø°Ø§ Ø§Ù†ØªÙ‚Ù„Øª Ù„Ù…ÙƒØ§Ù† Ø§Ø®Ø± Ù„Ø§ÙŠØ³Ù…Ø­Ùˆ Ù„Ù‡Ù… Ø¨Ø§Ù„Ù†Ù‚Ù„
ÙˆØ¨Ø³Ø¨Ø¨ Ø¬Ù„Ø³Ø§Øª Ø§Ù„Ù…Ø­ÙƒÙ…Ø© Ø§Ù„ØªÙŠ ÙŠÙ‚Ø¯Ù…Ù‡Ø§ Ø¶Ø¯ÙŠ Ø¨ÙŠÙ† Ø§Ù„Ø­ÙŠÙ† ÙˆØ§Ù„Ø§Ø®Ø±ØŒ ÙˆØ§Ù„Ø¹Ù…Ù„ ÙÙŠ Ø§Ù„Ø±ÙŠØ§Ø¶ Ù…ØªÙˆÙØ± Ø§ÙƒØ«Ø± Ù…Ù† Ø¨Ø§Ù‚ÙŠ Ø§Ù„Ù…Ø­Ø§ÙØ¸Ø§Øª Ø§Ù„Ø§Ø®Ø±Ù‡
ÙˆØ¹Ù…Ù„ÙŠ Ù…Ø±ØªØ¨Ø· ÙÙŠ Ø³ÙŠØ§Ø­Ø© Ø§Ù„Ø§Ø·Ø¹Ø§Ù…ØŒ ÙˆØ§Ù„Ø¹Ø§ØµÙ…Ø© ÙÙŠÙ‡Ø§ Ù…ÙˆØ§Ø±Ø¯ ÙˆÙØ±Øµ Ø§ÙƒØ«Ø±"
Field:Aggr 3 Reason Unable to Move,769,1.0,object,
Field:Open Ended Other Threats,761,0.99,object,My wife changed her religion and her parents keep threatening us
Field:RFR Submission,766,1.0,object,RFR Submission
Field:Vulnerability Assessed,538,0.7,object,Vulnerability Assessed
Field:Handoff Timestamp,514,0.67,object,2020-01-14T13:06:09.200927+02:00
Field:Prescreening Complete,559,0.73,object,Yes
Field:Pause Handoffs,688,0.89,object,Yes
Field:Lebanon Location,745,0.97,object,Ù„Ø¨Ù†Ø§Ù† Ø·Ø±Ø§Ø¨Ù„Ø³ Ø¬Ø¨Ù„ Ø§Ù„Ø¨Ø¯Ø§ÙˆÙŠ.
nationality_Iraqi,0,0.0,uint8,0.0
nationality_Syrian,0,0.0,uint8,1.0
curr_country_Burkina Faso,0,0.0,uint8,0.0
curr_country_Egypt,0,0.0,uint8,0.0
curr_country_France,0,0.0,uint8,0.0
curr_country_Germany,0,0.0,uint8,0.0
curr_country_Indonesia,0,0.0,uint8,0.0
curr_country_Iraq,0,0.0,uint8,0.0
curr_country_Jessica.,0,0.0,uint8,0.0
curr_country_Jordan,0,0.0,uint8,0.0
curr_country_Kenya,0,0.0,uint8,0.0
curr_country_Lebanon,0,0.0,uint8,1.0
curr_country_Libya,0,0.0,uint8,0.0
curr_country_Malaysia,0,0.0,uint8,0.0
curr_country_MÃ©xico.,0,0.0,uint8,0.0
curr_country_Oman,0,0.0,uint8,0.0
curr_country_Qatar,0,0.0,uint8,0.0
curr_country_Saudi Arabia,0,0.0,uint8,0.0
curr_country_Sudan,0,0.0,uint8,0.0
curr_country_Syria,0,0.0,uint8,0.0
curr_country_Thailand,0,0.0,uint8,0.0
curr_country_Turkey,0,0.0,uint8,0.0
curr_country_Yemen,0,0.0,uint8,0.0
curr_country_the United Arab Emirates,0,0.0,uint8,0.0
curr_country_the United Kingdom,0,0.0,uint8,0.0
curr_country_the United States,0,0.0,uint8,0.0
curr_country_Ø£ÙˆÙƒØ±Ø§Ù†ÙŠØ§,0,0.0,uint8,0.0
curr_country_Ø¥ÙŠØ·Ø§Ù„ÙŠØ§,0,0.0,uint8,0.0
curr_country_Ø§Ù„ÙŠÙˆÙ†Ø§Ù†,0,0.0,uint8,0.0
curr_country_Ø¬Ø²ÙŠØ±Ø© ÙƒÙˆØ³ Ø§Ù„ÙŠÙˆÙ†Ø§Ù†,0,0.0,uint8,0.0
curr_country_Ø¬ÙˆØ±Ø¬ÙŠØ§ ØªØ¨Ù„ÙŠØ³ÙŠ,0,0.0,uint8,0.0
curr_country_Ù‚Ø·Ø§Ø¹ ØºØ²Ø©,0,0.0,uint8,0.0
curr_country_ÙƒÙ†Ø¯Ø§,0,0.0,uint8,0.0
curr_country_Ù†Ø¹Ù… Ø£Ù†Ø§ ÙÙŠ Ø¥ÙŠØ·Ø§Ù„ÙŠØ§,0,0.0,uint8,0.0
curr_country_ÙŠÙˆÙ†Ø§Ù†,0,0.0,uint8,0.0
process_day_>=1,0,0.0,float64,0.0
process_day_>=7,0,0.0,float64,0.0
process_dayA_>=1,0,0.0,float64,1.0
process_dayC_>=1,0,0.0,float64,1.0
Medical_X_LPPN,416,0.54,float64,0.0
